emp_ID,emp_Pass,empEmail,works_In,name,dob,hireDate,msg_ID,msg_Txt,send_ID,recv_ID,isAnon,tm_Stmp,del_Stat,msg_Stat,post_ID,content,isAnnou,author,board,rating,dept_ID,dept_Name,dept_Mngmt
smcvanamy0,ltuhbjE,smcvanamy0@bing.com,5,Sybyl McVanamy,1998/01/17,2021/11/06,1,Nulla tellus. In sagittis dui vel nisl. Duis ac nibh.,,,0,2020-11-16 05:31:24,0,0,1,"Lorem ipsum dolor sit amet, consectetuer adipiscing elit.",,,,7,,Research and Development,
ghaskayne1,u6xkYnRGB,ghaskayne1@github.io,3,Georgena Haskayne,1998/03/21,2020/07/01,2,Sed vel enim sit amet nunc viverra dapibus. Nulla suscipit ligula in lacus. Curabitur at ipsum ac tellus semper interdum.,,,0,2020-08-03 09:29:49,1,1,2,"Vestibulum ante ipsum primis in faucibus orci luctus et ultrices posuere cubilia Curae; Nulla dapibus dolor vel est. Donec odio justo, sollicitudin ut, suscipit a, feugiat et, eros.",,,,9,,Human Resources,
amanilow2,xaibsAdio5,amanilow2@fotki.com,5,Anestassia Manilow,1995/02/12,2021/02/10,3,"Donec ut dolor. Morbi vel lectus in quam fringilla rhoncus. Mauris enim leo, rhoncus sed, vestibulum sit amet, cursus id, turpis.",,,1,2020-06-19 00:09:41,1,0,3,Morbi non lectus. Aliquam sit amet diam in magna bibendum imperdiet.,,,,10,,Sales,
ggerbel3,k7cq99a00R,ggerbel3@blogger.com,1,Gilly Gerbel,1990/05/30,2021/01/31,4,Etiam justo. Etiam pretium iaculis justo.,,,0,2021-04-17 15:02:54,1,0,4,Duis consequat dui nec nisi volutpat eleifend. Donec ut dolor. Morbi vel lectus in quam fringilla rhoncus.,,,,4,,Support,
xguy4,hsDvFBf,xguy4@bloglovin.com,2,Ximenes Guy,1995/08/07,2021/08/01,5,Nulla tempus. Vivamus in felis eu sapien cursus vestibulum.,,,1,2021-01-23 03:44:50,1,1,5,"Nullam orci pede, venenatis non, sodales sed, tincidunt eu, felis. Fusce posuere felis sed lacus. Morbi sem mauris, laoreet ut, rhoncus aliquet, pulvinar sed, nisl.",,,,7,,Accounting,
vnewcomb5,Hm8zns8SIAde,vnewcomb5@reference.com,3,Viva Newcomb,1997/03/20,2021/04/30,6,"Lorem ipsum dolor sit amet, consectetuer adipiscing elit. Proin interdum mauris non ligula pellentesque ultrices. Phasellus id sapien in sapien iaculis congue.",,,0,2021-10-21 21:41:21,1,0,6,"Nam congue, risus semper porta volutpat, quam pede lobortis ligula, sit amet eleifend pede libero quis orci. Nullam molestie nibh in lectus. Pellentesque at nulla.",,,,10,,Training,
wivanichev6,X4LwVAUJ9,wivanichev6@noaa.gov,3,Wain Ivanichev,1997/01/29,2020/05/26,7,Suspendisse potenti. Nullam porttitor lacus at turpis. Donec posuere metus vitae ipsum.,,,0,2021-12-05 06:06:27,0,1,7,Aenean lectus.,,,,9,,Accounting,
csynan7,6bTqAFgq,csynan7@theguardian.com,1,Charlena Synan,1997/02/07,2021/05/24,8,Phasellus sit amet erat. Nulla tempus. Vivamus in felis eu sapien cursus vestibulum.,,,1,2021-12-13 05:37:54,2,0,8,"Mauris ullamcorper purus sit amet nulla. Quisque arcu libero, rutrum ac, lobortis vel, dapibus at, diam. Nam tristique tortor eu pede.",,,,6,,Services,
ssings8,7GKfIi1,ssings8@tamu.edu,4,Samantha Sings,1992/10/28,2020/11/22,9,Cras non velit nec nisi vulputate nonummy. Maecenas tincidunt lacus at velit. Vivamus vel nulla eget eros elementum pellentesque.,,,0,2021-07-03 18:26:32,0,1,9,Donec vitae nisi.,,,,8,,Support,
ekilcoyne9,EfOWqA1,ekilcoyne9@ning.com,2,Egbert Kilcoyne,1995/08/08,2021/03/20,10,Duis aliquam convallis nunc. Proin at turpis a pede posuere nonummy. Integer non velit.,,,1,2021-07-31 17:29:52,0,0,10,Maecenas tincidunt lacus at velit. Vivamus vel nulla eget eros elementum pellentesque. Quisque porta volutpat erat.,,,,3,,Research and Development,
eparfetta,e0V4schF,eparfetta@wikispaces.com,4,Elie Parfett,1999/03/03,2020/03/23,11,"Donec ut mauris eget massa tempor convallis. Nulla neque libero, convallis eget, eleifend luctus, ultricies eu, nibh.",,,0,2020-02-22 12:28:48,0,0,11,"Quisque arcu libero, rutrum ac, lobortis vel, dapibus at, diam. Nam tristique tortor eu pede.",,,,8,,Human Resources,
lklynb,ffWS8JI,lklynb@springer.com,3,Laurent Klyn,1996/10/06,2021/05/31,12,"Vivamus metus arcu, adipiscing molestie, hendrerit at, vulputate vitae, nisl.",,,1,2021-03-04 21:30:28,2,0,12,Integer tincidunt ante vel ipsum. Praesent blandit lacinia erat.,,,,9,,Training,
ltidderc,fmafZpH030,ltidderc@theglobeandmail.com,1,Lorant Tidder,1996/12/13,2020/08/18,13,Cras non velit nec nisi vulputate nonummy. Maecenas tincidunt lacus at velit. Vivamus vel nulla eget eros elementum pellentesque.,,,1,2020-11-28 04:53:40,1,1,13,In quis justo. Maecenas rhoncus aliquam lacus.,,,,8,,Services,
istallwoodd,oFAKYJXCWS7,istallwoodd@google.com.hk,5,Isabel Stallwood,1997/05/05,2021/11/28,14,Aliquam quis turpis eget elit sodales scelerisque.,,,0,2020-10-03 18:21:24,2,1,14,"Nam congue, risus semper porta volutpat, quam pede lobortis ligula, sit amet eleifend pede libero quis orci. Nullam molestie nibh in lectus.",,,,10,,Engineering,
dmcconachiee,f7H3w6oosvU,dmcconachiee@digg.com,4,Darnall McConachie,1991/06/23,2020/01/17,15,Ut tellus. Nulla ut erat id mauris vulputate elementum.,,,0,2020-09-18 08:58:48,1,1,15,Vestibulum rutrum rutrum neque. Aenean auctor gravida sem. Praesent id massa id nisl venenatis lacinia.,,,,8,,Human Resources,
tcargenf,rwGSDx,tcargenf@squarespace.com,4,Tonnie Cargen,1997/05/07,2021/09/29,16,Proin interdum mauris non ligula pellentesque ultrices. Phasellus id sapien in sapien iaculis congue.,,,1,2021-04-15 10:23:15,2,1,16,Curabitur convallis. Duis consequat dui nec nisi volutpat eleifend.,,,,2,,Accounting,
ctimothyg,u7VU4ohL,ctimothyg@imdb.com,5,Cornall Timothy,1997/06/21,2021/11/09,17,Ut at dolor quis odio consequat varius. Integer ac leo. Pellentesque ultrices mattis odio.,,,0,2020-03-21 04:41:37,2,0,17,Aenean lectus. Pellentesque eget nunc. Donec quis orci eget orci vehicula condimentum.,,,,5,,Legal,
ycricketh,pSVuSOkWlf,ycricketh@friendfeed.com,1,Yul Cricket,1990/03/30,2021/08/27,18,In blandit ultrices enim.,,,0,2021-08-15 01:14:08,2,1,18,Maecenas ut massa quis augue luctus tincidunt. Nulla mollis molestie lorem. Quisque ut erat.,,,,1,,Human Resources,
smeijeri,3OrjZXhRBwQ7,smeijeri@wordpress.org,4,Shurlock Meijer,1990/01/27,2021/04/16,19,"Fusce lacus purus, aliquet at, feugiat non, pretium quis, lectus. Suspendisse potenti. In eleifend quam a odio.",,,0,2021-03-23 20:15:00,0,0,19,Duis at velit eu est congue elementum. In hac habitasse platea dictumst.,,,,2,,Sales,
tcatheryj,NOUTA6zZE,tcatheryj@a8.net,5,Tania Cathery,1991/02/04,2020/08/05,20,Nulla mollis molestie lorem.,,,1,2020-08-28 05:14:11,0,0,20,"Morbi sem mauris, laoreet ut, rhoncus aliquet, pulvinar sed, nisl. Nunc rhoncus dui vel sem. Sed sagittis.",,,,2,,Accounting,
