post_ID,content,isAnnou,author,board,rating
1,"Lorem ipsum dolor sit amet, consectetuer adipiscing elit.",0,ctimothyg,5,7
2,"Vestibulum ante ipsum primis in faucibus orci luctus et ultrices posuere cubilia Curae; Nulla dapibus dolor vel est. Donec odio justo, sollicitudin ut, suscipit a, feugiat et, eros.",0,ltidderc,1,9
3,Morbi non lectus. Aliquam sit amet diam in magna bibendum imperdiet.,0,smcvanamy0,5,10
4,Duis consequat dui nec nisi volutpat eleifend. Donec ut dolor. Morbi vel lectus in quam fringilla rhoncus.,1,tcargenf,4,4
5,"Nullam orci pede, venenatis non, sodales sed, tincidunt eu, felis. Fusce posuere felis sed lacus. Morbi sem mauris, laoreet ut, rhoncus aliquet, pulvinar sed, nisl.",0,xguy4,2,7
6,"Nam congue, risus semper porta volutpat, quam pede lobortis ligula, sit amet eleifend pede libero quis orci. Nullam molestie nibh in lectus. Pellentesque at nulla.",0,amanilow2,5,10
7,Aenean lectus.,0,istallwoodd,5,9
8,"Mauris ullamcorper purus sit amet nulla. Quisque arcu libero, rutrum ac, lobortis vel, dapibus at, diam. Nam tristique tortor eu pede.",1,ssings8,5,6
9,Donec vitae nisi.,0,ycricketh,1,8
10,Maecenas tincidunt lacus at velit. Vivamus vel nulla eget eros elementum pellentesque. Quisque porta volutpat erat.,0,ghaskayne1,3,3
11,"Quisque arcu libero, rutrum ac, lobortis vel, dapibus at, diam. Nam tristique tortor eu pede.",0,lklynb,3,8
12,Integer tincidunt ante vel ipsum. Praesent blandit lacinia erat.,1,vnewcomb5,3,9
13,In quis justo. Maecenas rhoncus aliquam lacus.,0,eparfetta,4,8
14,"Nam congue, risus semper porta volutpat, quam pede lobortis ligula, sit amet eleifend pede libero quis orci. Nullam molestie nibh in lectus.",0,csynan7,1,10
15,Vestibulum rutrum rutrum neque. Aenean auctor gravida sem. Praesent id massa id nisl venenatis lacinia.,0,dmcconachiee,4,8
16,Curabitur convallis. Duis consequat dui nec nisi volutpat eleifend.,1,ggerbel3,1,2
17,Aenean lectus. Pellentesque eget nunc. Donec quis orci eget orci vehicula condimentum.,0,smeijeri,4,5
18,Maecenas ut massa quis augue luctus tincidunt. Nulla mollis molestie lorem. Quisque ut erat.,0,tcatheryj,5,1
19,Duis at velit eu est congue elementum. In hac habitasse platea dictumst.,1,ekilcoyne9,2,2
20,"Morbi sem mauris, laoreet ut, rhoncus aliquet, pulvinar sed, nisl. Nunc rhoncus dui vel sem. Sed sagittis.",0,wivanichev6,3,2